{"cameraMode":{"drawMode":0,"name":"Shaded","section":"Shading Mode"},"sceneLighting":false,"audioPlay":false,"sceneViewState":{"m_AlwaysRefresh":false,"showFog":false,"showSkybox":false,"showFlares":false,"showImageEffects":false,"showParticleSystems":false,"showVisualEffectGraphs":true,"m_FxEnabled":true},"in2DMode":false,"pivot":{"x":-0.6752411723136902,"y":0.9299802184104919,"z":0.11903715133666992},"rotation":{"x":-0.03178304433822632,"y":0.036570511758327487,"z":-0.0011631244560703636,"w":-0.9988278150558472},"size":1.8202235698699952,"orthographic":false}